<?xml version="1.0" encoding="UTF-8"?>
<!DOCTYPE mapper PUBLIC "-//mybatis.org//DTD Mapper 3.0//EN" "http://mybatis.org/dtd/mybatis-3-mapper.dtd">

<mapper namespace="com.wenjay.sample.web.domain.user.mapper.TenantMapper">

    <resultMap id="tenantMap" type="com.wenjay.sample.web.domain.user.entity.Tenant">
        <id property="id" column="id"/>
        <result property="name" column="name"/>
        <result property="code" column="code"/>
        <result property="startTime" column="start_time"/>
        <result property="endTime" column="end_time"/>
        <result property="status" column="status"/>
        <result property="delFlag" column="del_flag"/>
        <result property="createTime" column="create_time"/>
        <result property="updateTime" column="update_time"/>
    </resultMap>

	<resultMap id="tenantCustomMap" type="com.wenjay.sample.web.domain.user.entity.Tenant">
		<id property="id" column="id"/>
		<result property="name" column="name"/>
		<result property="code" column="code"/>
		<result property="phone" column="phone"/>
		<result property="password" column="my_password"/>
		<result property="accountCode" column="account_code"/>
	</resultMap>
	<select id="selectTenantListByCustomSql" resultMap="tenantCustomMap">
        SELECT id, phone, `name` , password as my_password, account_code, code
        FROM sys_tenant
        <trim prefix="WHERE" prefixOverrides="AND | OR">
            <if test="co.name != null and co.name != ''">
                and `name` LIKE CONCAT('%',#{co.name},'%')
            </if>
        </trim>
    </select>

</mapper>
